{"cameraMode":{"drawMode":0,"name":"Shaded","section":"Shading Mode"},"sceneLighting":false,"audioPlay":false,"sceneViewState":{"m_AlwaysRefresh":false,"showFog":true,"showSkybox":false,"showFlares":true,"showImageEffects":true,"showParticleSystems":true,"showVisualEffectGraphs":true,"m_FxEnabled":true},"in2DMode":false,"pivot":{"x":-0.04974967613816261,"y":0.4478256106376648,"z":0.01622629165649414},"rotation":{"x":-0.017999066039919854,"y":-0.0012037571286782623,"z":0.000021655752789229155,"w":-0.9998384714126587},"size":0.9680384993553162,"orthographic":false}