{"cameraMode":{"drawMode":0,"name":"Shaded","section":"Shading Mode"},"sceneLighting":false,"audioPlay":false,"sceneViewState":{"m_AlwaysRefresh":false,"showFog":true,"showSkybox":false,"showFlares":true,"showImageEffects":true,"showParticleSystems":true,"showVisualEffectGraphs":true,"m_FxEnabled":true},"in2DMode":false,"pivot":{"x":0.00834246538579464,"y":0.5346305966377258,"z":0.01924288272857666},"rotation":{"x":-0.017999066039919854,"y":-0.0012037571286782623,"z":0.000021655752789229155,"w":-0.9998384714126587},"size":0.8062916398048401,"orthographic":false}